Region,GoldType,PurchasePrice,SellingPrice,UpdateTime
TPHCM,PNJ,73.300,75.000,17/06/2024 08:13:04
TPHCM,SJC,74.980,76.980,17/06/2024 08:13:04
Hà Nội,PNJ,73.300,75.000,17/06/2024 08:13:04
Hà Nội,SJC,74.980,76.980,17/06/2024 08:13:04
Đà Nẵng,PNJ,73.300,75.000,17/06/2024 08:13:04
Đà Nẵng,SJC,74.980,76.980,17/06/2024 08:13:04
Miền Tây,PNJ,73.300,75.000,17/06/2024 08:13:04
Miền Tây,SJC,74.980,76.980,17/06/2024 08:13:04
Tây Nguyên,PNJ,73.300,75.000,17/06/2024 08:13:04
Tây Nguyên,SJC,74.980,76.980,17/06/2024 08:13:04
Đông Nam Bộ,PNJ,73.300,75.000,17/06/2024 08:13:04
Đông Nam Bộ,SJC,74.980,76.980,17/06/2024 08:13:04
Giá vàng nữ trang,Nhẫn PNJ (24K),73.300,74.900,17/06/2024 08:13:04
Giá vàng nữ trang,Nữ trang 24K,73.200,74.000,17/06/2024 08:13:04
Giá vàng nữ trang,Nữ trang 18K,54.250,55.650,17/06/2024 08:13:04
Giá vàng nữ trang,Nữ trang 14K,42.040,43.440,17/06/2024 08:13:04
Giá vàng nữ trang,Nữ trang 10K,29.530,30.930,17/06/2024 08:13:04
